schoolId,county,district,school,grades,prek,elementary,middle,high,website,Lat,Lng,address_short,parochial,max_tuition,sibling_discount,Pre-K,K,Grade 01,Grade 02,Grade 03,Grade 04,Grade 05,Grade 06,Grade 07,Grade 08,Grade 09,Grade 10,Grade 11,Grade 12
195,San Mateo,Belmont-Redwood Shores Elementary,Charles Armstrong School,2-8,,1,1,,https://www.charlesarmstrong.org/,37.510584,-122.283688,"1405 Solana Dr., Belmont",, 58.2k,,,,, 57.0k, 57.0k, 57.0k, 57.0k, 58.2k, 58.2k, 58.2k,,,,
79,Contra Costa,Mt. Diablo Unified,Hope Academy for Dyslexics,3-8,,1,1,,https://hopeconcord.org/,37.957323,-121.952202,"5353 Concord Blvd., Concord",, 19.7k,,,,,, 19.7k, 19.7k, 19.7k, 19.7k, 19.7k, 19.7k,,,,
35,Alameda,Berkeley Unified,The Crowden School,3-8,,1,1,,https://www.crowden.org/,37.879238,-122.283499,"1475 Rose St., Berkeley",, 38.0k,,,,,, 35.0k, 35.0k, 35.0k, 38.0k, 38.0k, 38.0k,,,,
50,Alameda,Oakland Unified,Pacific Boychoir Academy,3-8,,1,1,,https://www.pacificboychoir.org/,37.828988,-122.252938,"215 Ridgeway Ave., Oakland",, 28.5k,,,, 20.9k, 20.9k, 20.9k, 20.9k, 20.9k, 28.5k, 28.5k, 28.5k,,,,
49,Alameda,Newark Unified,Stellar Academy for Dyslexics,3-8,,1,1,,https://www.stellaracademy.org/,37.51806,-122.004009,"39399 Cherry St, Newark",, 29.5k,,,,,, 29.5k, 29.5k, 29.5k, 29.5k, 29.5k, 29.5k,,,,
323,San Francisco,San Francisco Unified,Sterne School,4-12,,1,1,1,https://www.sterneschool.org/,37.795902,-122.40491,"838 Kearny St., San Francisco",, 47.2k,,,,,,, 44.9k, 44.9k, 44.9k, 44.9k, 44.9k, 47.2k, 47.2k, 47.2k, 47.2k
283,San Francisco,San Francisco Unified,Nomad,5-8,,1,1,,https://www.sf-nomad.com/,37.75586,-122.414604,"2590 Folsom St., San Francisco",, 41.8k,,,,,,,, 41.8k, 41.8k, 41.8k, 41.8k,,,,
298,San Francisco,San Francisco Unified,San Francisco High School of the Arts,5-12,,1,1,1,https://www.highschoolofthearts.org/,37.770477,-122.453,"1950 Page St., San Francisco",, 41.1k,,,,,,,,, 30.8k, 30.8k, 30.8k, 41.1k, 41.1k, 41.1k, 41.1k
242,San Francisco,San Francisco Unified,Academy of Thought and Industry - Virtual,6-8,,,1,,https://thoughtandindustry.com/schools/virtual-school,37.80456,-122.43391,"3741 Bucha' ' St., San Francisco",, 15.8k,,,,,,,,, 15.8k, 15.8k, 15.8k, 15.8k, 15.8k, 15.8k, 15.8k
27,Alameda,Berkeley Unified,East Bay School for Boys,6-8,,,1,,https://www.ebsfb.org/,37.867204,-122.262716,"2340 Durant Ave., Berkeley",, 38.3k,,,,,,,,, 38.3k, 38.3k, 38.3k,,,,
20,Alameda,Oakland Unified,Julia Morgan School for Girls,6-8,,,1,,https://www.juliamorganschool.org/,37.783361,-122.188108,"5000 Macarthur Blvd., #25, Oakland",, 42.1k,,,,,,,,, 42.1k, 42.1k, 42.1k,,,,
280,San Francisco,San Francisco Unified,Millennium School of San Francisco,6-8,,,1,,https://www.millenniumschool.org/,37.768776,-122.42181,"245 Valencia St., San Francisco",, 44.0k,,,,,,,,, 44.0k, 44.0k, 44.0k,,,,
326,San Francisco,San Francisco Unified,Stratford School San Francisco Middle School,6-8,,,1,,https://www.stratfordschools.com/schools/northern-california/san-francisco/san-francisco-middle-school/,37.727055,-122.43531,"75 Francis St., San Francisco",, 30.9k,,,,,,,,, 30.9k, 30.9k, 30.9k,,,,
68,Alameda,Dublin Unified,Valley Christian Middle / Senior High School,6-12,,,1,1,https://valleychristianschools.org/elementary-school/,37.701345,-121.954154,"7500 Inspiration Dr., Dublin",parochial, 23.0k,,,, 18.0k, 18.0k, 18.0k, 18.0k, 18.0k, 20.5k, 20.5k, 20.5k, 23.0k, 23.0k, 23.0k, 23.0k
6,Contra Costa,San Ramon Valley Unified,The Athenian School,6-12,,,1,1,https://www.athenian.org/,37.834385,-121.948344,"2100 Mount Diablo Scenic Blvd., Danville",, 60.8k,,,,,,,,, 70.5k, 70.5k, 70.5k, 76.0k, 76.0k, 76.0k, 76.0k
223,San Mateo,San Mateo Union High,Crystal Springs Uplands School,6-12,,,,1,https://www.crystal.org/,37.557956,-122.338826,"400 Uplands Dr., Hillsborough",, 64.1k,,,,,,,,, 63.9k, 63.9k, 63.9k, 64.1k, 64.1k, 64.1k, 64.1k
214,San Mateo,Pacifica,Pacific Bay Christian School,6-12,,,1,1,https://www.pacbay.org/,37.586112,-122.492828,"1030 Linda Mar Blvd., Pacifica",parochial, 25.3k,,,,,,,,, 20.3k, 20.3k, 20.3k, 25.3k, 25.3k, 25.3k, 25.3k
239,San Mateo,Sequoia Union High,Woodside Priory,6-12,,,1,1,https://www.prioryca.org/,37.375907,-122.213112,"302 Portola Rd., Portola Valley",parochial, 62.0k,1,,,,,,,, 76.0k, 76.0k, 76.0k, 76.0k, 76.0k, 76.0k, 76.0k
311,San Francisco,San Francisco Unified,St. Ignatius College Preparatory,6-12,,,1,1,https://www.siprep.org/,37.748863,-122.49582,"2001 37th Ave., San Francisco",parochial, 33.0k,,,,,,,,, 33.0k, 33.0k, 33.0k, 33.0k, 33.0k, 33.0k, 33.0k
44,Alameda,Fremont Unified,Alsion Montessori Middle/High,7-12,,,1,1,https://alsionschool.org/,37.532318,-121.913485,"750 Witherly Ln., Fremont",, 32.1k,,,,,,,,,, 32.1k, 32.1k, 32.1k, 15.1k, 15.1k, 15.1k
46,San Mateo,Sequoia Union High,Stanford Online High School,7-12,,,1,1,https://ohs.stanford.edu/,37.484907,-122.20292,"415 Broadway Academy Hall, Floor 2, Redwood City",, 29.9k,,,,,,,,,,,, 29.9k, 29.9k, 29.9k, 29.9k
39,Alameda,Oakland Unified,Mentoring Academy,8-12,,,1,1,https://www.mentoringacademy.org/,37.848022,-122.252485,"5951B College Ave., Oakland",, 36.0k,,,,,,,,,,,, 36.0k, 36.0k, 36.0k, 36.0k
8,Contra Costa,Acalanes Union High,Orinda Academy,8-12,,,1,1,https://www.orindaacademy.org/,37.883996,-122.183665,"19 Altarinda Rd., Orinda",, 53.8k,,,,,,,,,,, 38.7k, 53.8k, 53.8k, 53.8k, 53.8k
80,Alameda,Fremont Unified,Averroes High School,9-12,,,,1,https://averroeshighschool.com/,37.53139,-121.920016,"43427 Mission Blvd, Fremont",parochial, 17.3k,,,,,,,,,,,, 17.3k, 17.3k, 13.1k, 10.6k
23,Contra Costa,Acalanes Union High,Holden High School,9-12,,,,1,https://holdenhigh.org/unlistedgclid=CjwKCAiAlJKuBhAdEiwAnZb7lSG7vcDzDzb2WdZ7nUPch81jpC7dXRUWJbYRX0VYcfBCZQgiiksiLxoC8mAQAvD_BwE,37.885439,-122.189314,"10 Irwin Way, Orinda",, 44.6k,,,,,,,,,,,, 44.6k, 44.6k, 44.6k, 44.6k
329,San Francisco,San Francisco Unified,The Bay School of San Francisco,9-12,,,,1,https://www.bayschoolsf.org/,37.80058,-122.45582,"35 Keyes Ave, San Francisco",, 64.6k,,,,,,,,,,,, 64.6k, 64.6k, 64.6k, 64.6k
7,Contra Costa,Acalanes Union High,Bentley Upper School,9-12,,,,1,https://www.bentleyschool.org/,37.892233,-122.150563,"1000 Upper Happy Valley Rd., Lafayette",, 58.3k,,,,,,,,,,,, 58.3k, 58.3k, 58.3k, 58.3k
94,Contra Costa,Mt. Diablo Unified,Berean Christian High School,9-12,,,,1,https://www.bereanchristian.com/,37.913101,-122.03122,"245 El Divisadero Ave., Walnut Creek",parochial, 15.3k,,,,,,,,,,,, 15.3k, 15.3k, 15.3k, 15.3k
57,Alameda,Oakland Unified,Bishop O’Dowd High School,9-12,,,,1,https://www.bishopodowd.org/,37.753313,-122.154763,"9500 Stearns Ave., Oakland",parochial, 25.3k,,,,,,,,,,,, 25.3k, 25.3k, 25.3k, 25.3k
192,Marin,Tamalpais Union High,The Branson School,9-12,,,,1,https://www.branson.org/,37.965638,-122.56579,"39 Fernhill Ave., Ross",, 62.6k,,,,,,,,,,,, 62.6k, 62.6k, 62.6k, 62.6k
63,Contra Costa,Mt. Diablo Unified,Carondelet High School,9-12,,,,1,https://www.carondeleths.org/,37.933157,-122.033468,"1133 Winton Dr., Concord",parochial, 23.9k,,,,,,,,,,,, 23.9k, 23.9k, 23.9k, 23.9k
4,Alameda,Oakland Unified,The College Preparatory School,9-12,,,,1,https://www.college-prep.org/,37.848147,-122.239527,"6100 Broadway, Oakland",, 59.1k,,,,,,,,,,,, 59.1k, 59.1k, 59.1k, 59.1k
60,Contra Costa,Mt. Diablo Unified,De La Salle High School of Concord,9-12,,,,1,https://www.dlshs.org/,37.934771,-122.030351,"1130 Winton Dr., Concord",parochial, 25.0k,,,,,,,,,,,, 25.0k, 25.0k, 25.0k, 25.0k
256,San Francisco,San Francisco Unified,Drew School,9-12,,,,1,https://www.drewschool.org/,37.787643,-122.44232,"2901 California St., San Francisco",, 61.7k,,,,,,,,,,,, 61.7k, 61.7k, 61.7k, 61.7k
70,Alameda,Oakland Unified,Holy Names High School,9-12,,,,1,https://www.hnhsoakland.org/,37.839411,-122.231037,"4660 Harbord Dr., Oakland",parochial, 24.4k,,,,,,,,,,,, 24.4k, 24.4k, 24.4k, 24.4k
267,San Francisco,San Francisco Unified,ICA Cristo Rey Academy,9-12,,,,1,https://www.icacristorey.org/,37.751667,-122.423416,"3625 24th St., San Francisco",parochial, 1.9k,,,,,,,,,,,, 1.9k, 1.9k, 1.9k, 1.9k
268,San Francisco,San Francisco Unified,Jewish Community High School of the Bay,9-12,,,,1,https://www.jchsofthebay.org/,37.78165,-122.436676,"1835 Ellis St., San Francisco",, 62.3k,,,,,,,,,,,, 62.3k, 62.3k, 62.3k, 62.3k
276,San Francisco,San Francisco Unified,Lick-Wilmerding High School,9-12,,,,1,https://www.lwhs.org/,37.722782,-122.449,"755 Ocean Ave., San Francisco",, 59.9k,,,,,,,,,,,, 59.9k, 59.9k, 59.9k, 59.9k
189,Marin,San Rafael City High,Marin Academy,9-12,,,,1,https://www.ma.org/,37.976155,-122.535208,"1600 Mission Ave., San Rafael",, 61.7k,1,,,,,,,,,,, 61.7k, 61.7k, 61.7k, 61.7k
190,Marin,Tamalpais Union High,Marin Catholic,9-12,,,,1,https://www.marincatholic.org/,37.951607,-122.537388,"675 Sir Francis Drake Blvd., Kentfield",parochial, 27.6k,,,,,,,,,,,, 27.6k, 27.6k, 27.6k, 27.6k
13,Alameda,Berkeley Unified,Maybeck High School,9-12,,,,1,https://www.maybeckhs.org/,37.861059,-122.252708,"2727 College Ave., Berkeley",, 46.4k,,,,,,,,,,,, 46.4k, 46.4k, 46.4k, 46.4k
225,San Mateo,San Mateo Union High,Mercy High,9-12,,,,1,https://www.mercyhsb.com/,37.582671,-122.382661,"2750 Adeline Dr., Burlingame",parochial, 30.8k,,,,,,,,,,,, 30.8k, 30.8k, 30.8k, 30.8k
236,San Mateo,Sequoia Union High,Mid-Peninsula Education Center,9-12,,,,1,https://www.mid-pen.org/,37.476146,-122.150825,"1340 Willow Rd., Menlo Park",, 57.0k,,,,,,,,,,,, 57.0k, 57.0k, 57.0k, 57.0k
62,Alameda,Hayward Unified,Moreau Catholic High School,9-12,,,,1,https://www.moreaucatholic.org/,37.644402,-122.06113,"27170 Mission Blvd., Hayward",parochial, 24.8k,,,,,,,,,,,, 24.8k, 24.8k, 24.8k, 24.8k
237,San Mateo,Sequoia Union High,Notre Dame High School,9-12,,,,1,https://www.ndhsb.org/,37.515336,-122.28664,"1540 Ralston Ave., Belmont",, 31.2k,,,,,,,,,,,, 31.2k, 31.2k, 31.2k, 31.2k
246,San Francisco,San Francisco Unified,Archbishop Riordan High School,9-12,,,,1,https://www.riordanhs.org/,37.7279,-122.45306,"175 Frida Kahlo Way, San Francisco",parochial, 27.0k,,,,,,,,,,,, 27.0k, 27.0k, 27.0k, 27.0k
289,San Francisco,San Francisco Unified,Rise University Preparatory,9-12,,,,1,https://www.riseprep.org/,37.73853,-122.382034,"1224 Fairfax Ave., San Francisco",parochial, 2.2k,,,,,,,,,,,, 2.2k, 2.2k, 2.2k, 2.2k
66,Alameda,Berkeley Unified,Saint Mary’s College High School,9-12,,,,1,https://www.saintmaryschs.org/,37.88236,-122.283973,"1294 Albina Ave., Berkeley",parochial, 24.3k,,,,,,,,,,,, 24.3k, 24.3k, 24.3k, 24.3k
69,Contra Costa,West Contra Costa Unified,Salesian College Preparatory,9-12,,,,1,https://www.salesian.com/,37.952924,-122.339168,"2851 Salesian Ave., Richmond",parochial, 22.6k,,,,,,,,,,,, 22.6k, 22.6k, 22.6k, 22.6k
224,San Mateo,San Mateo Union High,Junipero Serra High School,9-12,,,,1,https://www.serrahs.com/,37.54615,-122.317399,"451 West 20th Ave., San Mateo",parochial, 31.4k,,,,,,,,,,,, 31.4k, 31.4k, 31.4k, 31.4k
302,San Francisco,San Francisco Unified,San Francisco University High School,9-12,,,,1,https://www.sfuhs.org/,37.790657,-122.44535,"3065 Jackson St, San Francisco",, 64.3k,,,,,,,,,,,, 64.3k, 64.3k, 64.3k, 64.3k
290,San Francisco,San Francisco Unified,Sacred Heart Cathedral Preparatory,9-12,,,,1,https://www.shcp.edu/,37.783287,-122.42319,"1055 Ellis St., San Francisco",parochial, 28.0k,,,,,,,,,,,, 28.0k, 28.0k, 28.0k, 28.0k
67,Alameda,Alameda Unified,Saint Joseph Notre Dame High School,9-12,,,,1,https://www.sjnd.org/,37.765513,-122.254954,"1011 Chestnut St., Alameda",parochial, 23.4k,,,,,,,,,,,, 23.4k, 23.4k, 23.4k, 23.4k
337,San Francisco,San Francisco Unified,Urban School of San Francisco,9-12,,,,1,https://www.urbanschool.org/,37.770832,-122.44635,"1563 Page St., San Francisco",, 61.5k,,,,,,,,,,,, 61.5k, 61.5k, 61.5k, 61.5k
332,San Francisco,San Francisco Unified,The Discovery Center School,K-12,,1,1,1,http://www.dcssf.com/,37.776821,-122.440592,"1442 Fulton St, San Francisco, CA 94117",, 12.4k,,, 12.4k, 12.4k, 12.4k, 12.4k, 12.4k, 12.4k, 12.4k, 12.4k, 12.4k, 12.4k, 12.4k, 12.4k, 12.4k
75,Alameda,Hayward Unified,California Crosspoint Academy,K-12,,1,1,1,https://crosspointacademy.org/,37.636844,-122.114442,"25500 Industrial Blvd., Hayward",parochial, 20.5k,,,, 16.0k, 16.0k, 16.0k, 16.0k, 16.0k, 18.1k, 18.1k, 18.1k, 20.5k, 20.5k, 20.5k, 20.5k
148,Alameda,Pleasanton Unified,Lighthouse Baptist School,K-12,,1,1,1,https://lighthousebaptistschool.org/,37.659559,-121.873098,"118 Neal St., Pleasanton",parochial, 8.0k,1, 8.0k, 8.0k, 8.0k, 8.0k, 8.0k, 8.0k, 8.0k, 8.0k, 8.0k, 8.0k, 8.0k, 8.0k, 8.0k, 8.0k
171,Alameda,Oakland Unified,Patten Academy of Christian Education,K-12,,1,1,1,https://pattenacademy.org/,37.786084,-122.218749,"2430 Coolidge Ave., Oakland",parochial, 7.5k,1,, 6.8k, 6.7k, 6.7k, 6.7k, 6.7k, 7.0k, 7.0k, 7.0k, 7.0k, 7.5k, 7.5k, 7.5k, 7.5k
124,Contra Costa,West Contra Costa Unified,Arlington Christian School,K-12,,1,1,1,https://www.arlingtonchristianschool.org/,37.940997,-122.312381,"6382 Arlington Blvd., Richmond",parochial, 5.3k,1,, 5.3k, 5.2k, 5.2k, 5.2k, 5.2k, 5.2k, 5.2k, 5.2k, 5.2k, 5.3k, 5.3k, 5.3k, 5.3k
107,Contra Costa,Mt. Diablo Unified,Diablo Valley,K-12,,1,1,1,https://www.diablovalleyschool.org/,37.974071,-122.024707,"2924 Clayton Rd., Concord",, 11.8k,,,, 11.8k, 11.8k, 11.8k, 11.8k, 11.8k, 11.8k, 11.8k, 11.8k, 11.8k, 11.8k, 11.8k, 11.8k
5,Alameda,Oakland Unified,Head-Royce School,K-12,,1,1,1,https://www.headroyce.org/,37.808668,-122.205073,"4315 Lincoln Ave., Oakland",, 56.1k,,, 39.3k, 39.3k, 39.3k, 39.3k, 39.3k, 39.3k, 44.5k, 44.5k, 44.5k, 56.1k, 56.1k, 56.1k, 56.1k
151,Contra Costa,Antioch Unified,Heritage Baptist Academy,K-12,,1,1,1,https://www.heritagebaptistacademy.com/,37.956406,-121.751648,"5200 Heidorn Ranch Rd., Antioch",parochial, 7.7k,1,, 7.5k, 7.5k, 7.5k, 7.5k, 7.5k, 7.5k, 7.5k, 7.5k, 7.5k, 7.7k, 7.7k, 7.7k, 7.7k
259,San Francisco,San Francisco Unified,French American International School,K-12,,1,1,1,https://www.internationalsf.org/,37.775333,-122.42163,"150 Oak St., San Francisco",, 57.2k,,, 39.2k, 39.2k, 39.2k, 39.2k, 39.2k, 39.2k, 39.2k, 39.2k, 39.2k, 57.2k, 57.2k, 57.2k, 57.2k
253,San Francisco,San Francisco Unified,"Convent & Stuart Hall, Schools of the Sacred Heart - San Francisco",K-12,,1,1,1,https://www.sacredsf.org/,37.794647,-122.433975,"2222 Broadway, San Francisco",parochial, 57.9k,,, 42.1k, 42.1k, 42.1k, 42.1k, 42.1k, 42.1k, 42.1k, 42.1k, 42.1k, 57.9k, 57.9k, 57.9k, 57.9k
3,Marin,Ross Valley Elementary,San Domenico School,K-12,,1,1,1,https://www.sandomenico.org/,38.018772,-122.589585,"1500 Butterfield Rd., San Anselmo",, 68.1k,,, 48.0k, 48.0k, 48.0k, 48.0k, 48.0k, 48.0k, 54.1k, 54.1k, 54.1k, 76.5k, 76.5k, 76.5k, 76.5k
249,San Francisco,San Francisco Unified,Brightworks,K-12,,1,1,1,https://www.sfbrightworks.org/,37.800293,-122.46874,"682 Schofield Rd., San Francisco",, 41.9k,,, 41.9k, 41.9k, 41.9k, 41.9k, 41.9k, 41.9k, 41.9k, 41.9k, 41.9k, 41.9k, 41.9k, 41.9k, 41.9k
294,San Francisco,San Francisco Unified,San Francisco Christian School,K-12,,1,1,1,https://www.sfchristianschool.org/,37.710037,-122.447754,"25 Whittier St., San Francisco",parochial, 14.4k,,, 10.3k, 10.3k, 10.3k, 10.3k, 10.3k, 10.3k, 12.0k, 12.0k, 12.0k, 14.4k, 14.4k, 14.4k, 14.4k
313,San Francisco,San Francisco Unified,St. John of San Francisco Orthodox Academy,K-12,,1,1,1,https://www.stjohnsacademysf.org/,37.780327,-122.486336,"6210 Geary Blvd., San Francisco",parochial, 10.2k,,, 8.9k,, 9.1k, 9.1k, 9.1k, 9.1k, 10.2k, 10.2k, 10.2k,,,,
168,Alameda,New Haven Unified,Union City Christian School,K-12,,1,1,1,https://www.uccacademy.org/,37.591475,-122.034285,"33700 Alvarado Niles Rd., Union City",parochial, 8.1k,,, 7.6k, 7.3k, 7.3k, 7.3k, 7.3k, 7.3k, 7.3k, 7.3k, 7.3k, 8.1k, 8.1k, 8.1k, 8.1k
77,Marin,Novato Unified,Marin Christian Academy,"K-12, pre-K",1,1,1,1,https://marinchristian.org/,38.087649,-122.563828,"1370 South Novato Blvd., Novato",parochial, 18.8k,, 18.8k, 13.2k, 13.2k, 13.2k, 13.2k, 13.2k, 13.2k, 14.8k, 14.8k, 14.8k, 17.0k, 17.0k, 17.0k, 17.0k
73,Alameda,Livermore Valley Joint Unified,Valley Montessori School,"K-12, pre-K",1,1,1,,https://vmschool.org/,37.695316,-121.771546,"1273 N. Livermore Ave., Livermore",, 23.7k,, 21.7k, 18.8k, 20.5k, 20.5k, 20.5k, 21.1k, 21.1k, 21.1k, 23.7k, 23.7k,,,,
127,Contra Costa,West Contra Costa Unified,Bethel Christian Academy,"K-12, pre-K",1,1,1,1,https://www.bcaelsobrante.org/,37.976978,-122.298011,"431 Rincon Ln., El Sobrante",parochial, 6.7k,1, 6.6k, 6.6k, 6.6k, 6.6k, 6.6k, 6.6k, 6.6k, 6.6k, 6.6k, 6.6k, 6.7k, 6.7k, 6.7k, 6.7k
90,Contra Costa,Mt. Diablo Unified,Contra Costa Christian Schools,"K-12, pre-K",1,1,1,1,https://www.contracostachristianschools.org/,37.922159,-122.079378,"2721 Larkey Ln., Walnut Creek",parochial, 14.5k,1, 13.6k, 10.6k, 10.6k, 10.6k, 10.6k, 10.6k, 10.6k, 12.1k, 12.1k, 12.1k, 14.5k, 14.5k, 14.5k, 14.5k
136,Contra Costa,Antioch Unified,Cornerstone Christian School,"K-12, pre-K",1,1,1,1,https://www.cornerstonechristianschool.net/,38.005052,-121.780172,"1745 East 18th St., Antioch",parochial, 11.2k,1, 11.2k, 8.5k, 8.5k, 8.5k, 8.5k, 8.5k, 8.5k, 9.4k, 9.4k, 9.4k, 10.8k, 10.8k, 10.8k, 10.8k
72,Alameda,Fremont Unified,Fremont Christian School,"K-12, pre-K",1,1,1,1,https://www.fremontchristian.com/,37.55037,-122.017891,"4760 Thornton Ave., Fremont",parochial, 25.6k,, 21.0k, 21.0k, 21.0k, 21.0k, 21.0k, 21.6k, 21.6k, 21.6k,,, 25.6k, 25.6k, 25.6k, 25.6k
16,Marin,Larkspur-Corte Madera,Lycee Francais de San Francisco (Sausalito),"K-12, pre-K",1,1,1,1,https://www.lelycee.org/,37.866981,-122.505059,"610 Coloma St., Ste. 300, Sausalito",, 43.6k,, 33.9k, 33.9k, 33.9k, 33.9k, 33.9k, 33.9k, 33.9k, 35.5k, 35.5k, 35.5k, 43.6k, 43.6k, 43.6k, 43.6k
278,San Francisco,San Francisco Unified,Lycee Francais de San Francisco,"K-12, pre-K",1,1,1,1,https://www.lelycee.org/,37.76797,-122.44697,"755 Ashbury St., San Francisco",, 43.6k,, 33.9k, 33.9k, 33.9k, 33.9k, 33.9k, 33.9k, 33.9k, 35.5k, 35.5k, 35.5k, 43.6k, 43.6k, 43.6k, 43.6k
201,San Mateo,Hillsborough City Elementary,The Nueva School,"K-12, pre-K",1,1,1,1,https://www.nuevaschool.org/,37.562442,-122.380838,"6565 Skyline Blvd., Hillsborough",, 63.7k,, 35.6k, 44.8k, 44.9k, 45.3k, 45.3k, 45.3k, 62.9k, 62.9k, 62.9k, 62.9k, 63.7k, 63.7k, 63.7k, 63.7k
26,Alameda,Dublin Unified,The Quarry Lane School,"K-12, pre-K",1,1,1,1,https://www.quarrylane.org/,37.727065,-121.870927,"6363 Tassajara Rd, Dublin",, 47.1k,,, 32.3k, 32.3k, 32.3k, 32.3k, 32.3k, 32.3k, 37.3k, 37.3k, 37.3k, 47.1k, 47.1k, 47.1k, 47.1k
83,Alameda,San Lorenzo Unified,Redwood Christian Schools,"K-12, pre-K",1,1,1,1,https://www.rcs.edu/,37.676632,-122.135674,"1000 Paseo Grande, San Lorenzo",parochial, 18.0k,, 14.9k, 14.9k, 14.9k, 14.9k, 14.9k, 14.9k, 14.9k, 16.7k, 16.7k, 16.7k, 18.0k, 18.0k, 18.0k, 18.0k
303,San Francisco,San Francisco Unified,San Francisco Waldorf School,"K-12, pre-K",1,1,1,1,https://www.sfwaldorf.org/,37.790783,-122.44191,"2938 Washington St, San Francisco",, 56.0k,, 28.2k, 35.5k, 38.1k, 38.1k, 38.1k, 38.1k, 39.8k, 39.8k, 39.8k, 39.8k, 56.0k, 56.0k, 56.0k, 56.0k
238,San Mateo,Sequoia Union High,"Sacred Heart Schools, Atherton","K-12, pre-K",1,1,1,1,https://www.shschools.org/about/visit-us,37.449428,-122.195965,"150 Valparaiso Ave., Atherton",, 55.1k,, 36.6k, 40.4k, 40.4k, 40.4k, 40.4k, 40.4k, 40.4k, 55.1k, 55.1k, 55.1k,,,,
81,Alameda,Dublin Unified,Valley Christian Elementary School,K-5,,1,1,,https://valleychristianschools.org/elementary-school/,37.701345,-121.954154,"7500 Inspiration Dr., Dublin",parochial, 23.0k,,,, 18.0k, 18.0k, 18.0k, 18.0k, 18.0k, 20.5k, 20.5k, 20.5k, 23.0k, 23.0k, 23.0k, 23.0k
271,San Francisco,San Francisco Unified,Katherine Michiels School,K-5,,1,1,,https://www.kmsofsf.org/,37.749817,-122.42231,"1335 Guerrero St., San Francisco",, 30.0k,, 26.0k, 30.0k, 30.0k, 30.0k, 30.0k, 30.0k, 30.0k,,,,,,,
288,San Francisco,San Francisco Unified,Red Bridge,K-5,,1,1,,https://www.redbridgesf.org/,37.761177,-122.38813,"2265 Third St., San Francisco",, 42.5k,,, 42.5k, 42.5k, 42.5k, 42.5k, 42.5k, 42.5k,,,,,,,
324,San Francisco,San Francisco Unified,Stratford School San Francisco De Montfort,K-5,,1,1,,https://www.stratfordschools.com/schools/northern-california/san-francisco/san-francisco-demontfort/,37.723125,-122.46163,"301 De Montfort Ave., San Francisco",, 27.3k,, 27.3k, 24.6k, 26.5k, 26.5k, 26.5k, 26.5k, 26.5k,,,,,,,
88,Alameda,San Lorenzo Unified,Woodroe Woods School,"K-5, pre-K",1,1,1,,https://woodroewoods.org/,37.687734,-122.142595,"750 Fargo Ave., San Leandro",, 15.3k,1, 15.3k, 15.0k, 15.0k, 15.0k, 15.0k, 15.0k, 15.0k,,,,,,,
233,San Mateo,San Mateo-Foster City,The Carey School,"K-5, pre-K",1,1,1,,https://www.careyschool.org/,37.544425,-122.318512,"2101 Alameda de las Pulgas, San Mateo",, 41.1k,, 34.4k, 41.1k, 41.1k, 41.1k, 41.1k, 41.1k, 41.1k,,,,,,,
76,Contra Costa,Lafayette Elementary,"Meher Schools, The","K-5, pre-K",1,1,1,,https://www.meherschools.org/,37.891954,-122.088446,"999 Leland Dr., Lafayette",, 12.2k,1, 12.1k, 11.9k, 12.2k, 12.2k, 12.2k, 12.2k, 12.2k,,,,,,,
55,Alameda,Oakland Unified,Mills College Children’s School at Northeastern University,"K-5, pre-K",1,1,1,,https://www.millscollegechildrensschool.org/,37.783361,-122.188108,"5000 MacArthur Blvd., Oakland",, 25.6k,, 25.6k, 23.4k, 23.4k, 23.4k, 23.4k, 23.4k, 23.4k,,,,,,,
194,San Mateo,Belmont-Redwood Shores Elementary,Belmont Oaks Academy,"K-5, pre-K",1,1,1,,https://www.mmboa.org/,37.510531,-122.298142,"2200 Carlmont Dr., Belmont",, 27.7k,, 27.7k, 22.7k, 22.7k, 22.7k, 23.5k, 23.5k, 23.5k,,,,,,,
206,San Mateo,Las Lomitas Elementary,Phillips Brooks School,"K-5, pre-K",1,1,1,,https://www.phillipsbrooks.org/admission/affording-pbs,37.429063,-122.20368,"2245 Avy Ave., Menlo Park",, 44.9k,, 37.8k, 44.9k, 44.9k, 44.9k, 44.9k, 44.9k, 44.9k,,,,,,,
34,San Mateo,Belmont-Redwood Shores Elementary,Serendipity School,"K-5, pre-K",1,1,1,,https://www.serendipityschool.com/,37.515109,-122.305495,"2820 Ponce Ave., Belmont",, 39.0k,1, 31.5k, 39.0k, 39.0k, 39.0k, 39.0k, 39.0k, 39.0k,,,,,,,
54,Alameda,Pleasanton Unified,Stratford School Pleasanton,"K-5, pre-K",1,1,1,,https://www.stratfordschools.com/schools/northern-california/east-bay/pleasanton/,37.689976,-121.899138,"4576 Willow Rd., Pleasanton",, 27.0k,, 27.0k, 23.8k, 25.5k, 25.5k, 25.5k, 25.5k, 25.5k,,,,,,,
325,San Francisco,San Francisco Unified,Stratford School San Francisco 14th Ave,"K-5, pre-K",1,1,,,https://www.stratfordschools.com/schools/northern-california/san-francisco/san-francisco-14th-ave/,37.77598,-122.47265,"645 14th Ave., San Francisco",, 30.4k,, 29.4k, 26.9k, 29.9k, 29.9k, 29.9k, 29.9k, 29.9k,,,,,,,
207,San Mateo,Las Lomitas Elementary,Trinity School,"K-5, pre-K",1,1,1,,https://www.trinity-mp.org/,37.421702,-122.207536,"2650 Sand Hill Rd., Menlo Park",, 43.9k,, 36.3k, 43.9k, 43.9k, 43.9k, 43.9k, 43.9k, 43.9k,,,,,,,
331,San Francisco,San Francisco Unified,The Dahlia School of San Francisco Elementary,K-6,,1,1,,https://thedahliaschoolsf.org/,37.772396,-122.39116,"1245 4th St., San Francisco",, 40.0k,, 40.0k, 38.3k, 37.8k, 37.8k, 37.8k, 37.8k, 37.8k,,,,,,,
61,Alameda,Berkeley Unified,Walden Center & School,K-6,,1,1,,https://waldencenterschool.org/,37.863415,-122.273691,"2446 Mckinley Ave, Berkeley",, 25.0k,1,, 25.0k, 25.0k, 25.0k, 25.0k, 25.0k, 25.0k, 25.0k, 25.0k,,,,,
53,Marin,Miller Creek Elementary,Montessori de Terra Linda,"K-6, pre-K",1,1,1,,https://www.mdtl.org/,38.013731,-122.558507,"610 Del Ganado Rd., San Rafael",, 27.0k,, 24.5k, 24.5k, 27.0k, 27.0k, 27.0k, 27.0k, 27.0k, 27.0k,,,,,,
14,San Mateo,San Mateo-Foster City,Pacific Rim International School,"K-6, pre-K",1,1,1,,https://www.printschool.org/,37.537172,-122.323341,"2600 Campus Dr., San Mateo",, 52.1k,, 45.7k, 45.7k, 47.4k, 47.4k, 47.4k, 47.4k, 47.4k, 47.4k, 52.1k, 52.1k, 52.1k,,,
74,Alameda,Alameda Unified,The Child Unique Montessori School/Montessori Elementary School of Alameda,"K-6, pre-K",1,1,1,,https://www.thechildunique.org/about-mesa,37.763514,-122.24729,"2226 Encinal Ave. and 1400 6th St., Alameda",, 22.1k,1, 22.1k, 22.1k, 22.1k, 22.1k, 22.1k, 22.1k, 22.1k, 22.1k,,,,,,
281,San Francisco,San Francisco Unified,Mission Dolores Academy,K-8,,1,1,,http://mdasf.org/,37.764435,-122.42805,"3371 16th St., San Francisco",parochial, 5.1k,,, 5.1k, 5.1k, 5.1k, 5.1k, 5.1k, 5.1k, 5.1k, 5.1k, 5.1k,,,,
304,San Francisco,San Francisco Unified,School of the Epiphany,K-8,,1,1,,http://www.sfepiphany.org/,37.715725,-122.43453,"600 Italy Ave., San Francisco",parochial, 9.7k,,, 9.7k, 9.7k, 9.7k, 9.7k, 9.7k, 9.7k, 9.7k, 9.7k, 9.7k,,,,
133,Contra Costa,Mt. Diablo Unified,Saint Agnes,K-8,,1,1,,http://www.stagnesconcord.com/,37.971666,-122.003845,"3886 Chestnut Ave., Concord",parochial, 10.6k,1,, 10.3k, 10.3k, 10.3k, 10.3k, 10.3k, 10.3k, 10.6k, 10.6k, 10.6k,,,,
312,San Francisco,San Francisco Unified,St. James School,K-8,,1,1,,https://adsf.schoolspeak.com/Home.aspxunlistedCommunity=94110004,37.75148,-122.423805,"321 Fair Oaks St., San Francisco",parochial, 10.2k,1,, 10.2k, 10.2k, 10.2k, 10.2k, 10.2k, 10.2k, 10.2k, 10.2k, 10.2k,,,,
29,Alameda,Oakland Unified,Aurora School,K-8,,1,1,,https://auroraschool.org/,37.839866,-122.231737,"40 Dulwich Rd., Oakland",, 38.7k,,,, 35.0k, 35.0k, 35.0k, 35.0k, 35.0k, 38.7k, 38.7k, 38.7k,,,,
152,Contra Costa,Mt. Diablo Unified,Bay Christian School,K-8,,1,1,,https://baybulldogs.com/,38.022779,-121.983106,"4725 Evora Rd., Concord",parochial, 7.8k,1,, 7.8k, 7.8k, 7.8k, 7.8k, 7.8k, 7.8k, 7.8k, 7.8k, 7.8k,,,,
24,Alameda,Berkeley Unified,Black Pine Circle,K-8,,1,1,,https://blackpinecircle.org/,37.867215,-122.295873,"2027 7th St., Berkeley",, 40.2k,,, 34.7k, 34.7k, 34.7k, 34.7k, 34.7k, 34.7k, 40.2k, 40.2k, 40.2k,,,,
175,Alameda,Pleasanton Unified,Emerson Montessori School,K-8,,1,1,,https://emersonmontessori.com/,37.693709,-121.90055,"4671 Chabot Dr., Pleasanton",, 26.1k,,,, 23.7k, 23.7k, 23.7k, 23.7k, 23.7k, 26.1k, 26.1k, 26.1k,,,,
143,Contra Costa,West Contra Costa Unified,El Sobrante Christian School,K-8,,1,1,,https://escseagles.com/,37.980756,-122.295782,"5100 Argyle Rd., El Sobrante",parochial, 9.8k,1,, 9.1k, 9.1k, 9.1k, 9.1k, 9.1k, 9.1k, 9.1k, 9.8k, 9.8k,,,,
333,San Francisco,San Francisco Unified,The Hamlin School,K-8,,1,1,,https://hamlin.org/,37.7948,-122.432495,"2120 Broadway, San Francisco",, 43.0k,,, 43.0k, 43.0k, 43.0k, 43.0k, 43.0k, 43.0k, 43.0k, 43.0k, 43.0k,,,,
266,San Francisco,San Francisco Unified,Holy Name Elementary,K-8,,1,1,,https://holynamesf.com/,37.75761,-122.49888,"1560 40th Ave., San Francisco",parochial, 10.1k,,, 10.1k, 10.1k, 10.1k, 10.1k, 10.1k, 10.1k, 10.1k, 10.1k, 10.1k,,,,
142,Contra Costa,Antioch Unified,Holy Rosary,K-8,,1,1,,https://holyrosarycatholicschool.org/,38.007046,-121.805378,"25 E. 15th St., Antioch",parochial, 9.9k,1,, 9.9k, 9.9k, 9.9k, 9.9k, 9.9k, 9.9k, 9.9k, 9.9k, 9.9k,,,,
196,San Mateo,Belmont-Redwood Shores Elementary,Immaculate Heart of Mary School,K-8,,1,1,,https://ihmschoolbelmont.org/,37.510657,-122.295514,"1000 Alameda de las Pulgas, Belmont",parochial, 11.7k,,, 11.4k, 11.4k, 11.4k, 11.4k, 11.4k, 11.4k, 11.7k, 11.7k, 11.7k,,,,
144,Contra Costa,Mt. Diablo Unified,King’s Valley Christian School,K-8,,1,1,,https://kingsvalley.org/,37.966731,-121.994771,"4255 Clayton Rd., Concord",parochial, 9.4k,,, 9.0k, 9.0k, 9.0k, 9.0k, 9.0k, 9.0k, 9.4k, 9.4k, 9.4k,,,,
284,San Francisco,San Francisco Unified,Our Lady of the Visitacion Elementary,K-8,,1,1,,https://olvsf.org/,37.709988,-122.409693,"795 Sunnydale Ave., San Francisco",parochial, 6.2k,1,, 5.9k, 5.9k, 5.9k, 5.9k, 5.9k, 5.9k, 6.2k, 6.2k, 6.2k,,,,
137,Alameda,Fremont Unified,Peace Terrace Academy,K-8,,1,1,,https://peaceterrace.org/,37.580685,-122.054902,"33330 Peace Terr., Fremont",parochial, 10.1k,,, 10.1k, 9.3k, 9.3k, 9.3k, 9.3k, 9.3k, 9.3k, 9.3k, 9.3k,,,,
104,Alameda,Fremont Unified,Prince of Peace Lutheran School,K-8,,1,1,,https://popchristianschool.com/,37.55135,-121.995746,"38451 Fremont Blvd, Fremont",parochial, 15.8k,, 15.8k, 12.1k, 12.1k, 12.1k, 12.1k, 12.1k, 12.1k, 12.1k, 12.1k, 12.1k,,,,
87,Marin,Reed Union Elementary,Saint Hilary School,K-8,,1,1,,https://sainthilaryschool.org/,37.889085,-122.474875,"765 Hilary Dr, Tiburon",parochial, 16.6k,1,, 16.4k, 16.4k, 16.4k, 16.4k,, 16.6k, 16.6k, 16.6k, 16.6k,,,,
220,San Mateo,San Bruno Park Elementary,St. Robert,K-8,,1,1,,https://saintrobert-school.org/,37.6172,-122.416048,"345 Oak Ave., San Bruno",parochial, 8.2k,,, 8.2k, 8.2k, 8.2k, 8.2k, 8.2k, 8.2k, 8.2k, 8.2k, 8.2k,,,,
219,San Mateo,San Bruno Park Elementary,Highlands Christian Schools,K-8,,1,1,,https://school.highlands.us/,37.623132,-122.447488,"1900 Monterey Dr., San Bruno",parochial, 16.8k,,, 15.9k, 15.9k, 15.9k, 15.9k, 15.9k, 15.9k, 16.8k, 16.8k, 16.8k,,,,
95,Marin,Novato Unified,Our Lady of Loretto,K-8,,1,1,,https://school.ollnovato.org/,38.109428,-122.583629,"1811 Virginia Ave., Novato",parochial, 13.7k,1,, 13.7k, 13.7k, 13.7k, 13.7k, 13.7k, 13.7k, 13.7k, 13.7k, 13.7k,,,,
125,Alameda,Hayward Unified,Saint Clement Catholic School,K-8,,1,1,,https://sclementschool.org/new/,37.642871,-122.057761,"790 Calhoun St., Hayward",parochial, 11.2k,1,, 11.2k, 11.2k, 11.2k, 11.2k, 11.2k, 11.2k, 11.2k, 11.2k, 11.2k,,,,
115,Alameda,Livermore Valley Joint Unified,St. Michael School,K-8,,1,1,,https://smsliv.org/,37.682769,-121.763657,"345 Church St., Livermore",parochial, 11.8k,,, 11.7k, 11.7k, 11.7k, 11.7k, 11.7k, 11.7k, 11.8k, 11.8k, 11.8k,,,,
327,San Francisco,San Francisco Unified,Sts. Peter and Paul Elementary,K-8,,1,1,,https://sspeterpaulsf.org/,37.801598,-122.41022,"660 Filbert St., San Francisco",parochial, 17.5k,,, 17.5k, 17.5k, 17.5k, 17.5k, 17.5k, 17.5k, 17.5k, 17.5k, 17.5k,,,,
212,San Mateo,Millbrae Elementary,St. Dunstan School,K-8,,1,1,,https://st-dunstan.org/,37.606723,-122.399966,"1150 Magnolia Ave, Millbrae",parochial, 11.1k,1,, 11.1k, 11.1k, 11.1k, 11.1k, 11.1k, 11.1k, 11.1k, 11.1k, 11.1k,,,,
305,San Francisco,San Francisco Unified,St. Anne School,K-8,,1,1,,https://stanne.com/,37.763023,-122.47128,"1320 14th Ave., San Francisco",parochial, 11.3k,,, 11.3k, 11.3k, 11.3k, 11.3k, 11.3k, 11.3k, 11.3k, 11.3k, 11.3k,,,,
186,Marin,Ross Valley Elementary,St. Anselm School,K-8,,1,1,,https://stanselmschool.com/,37.970108,-122.563036,"40 Belle Ave., San Anselmo",parochial, 13.1k,1,, 13.1k, 13.1k, 13.1k, 13.1k, 13.1k, 13.1k, 13.1k, 13.1k, 13.1k,,,,
199,San Mateo,Burlingame Elementary,St. Catherine of Siena Elementary,K-8,,1,1,,https://stcos.com/,37.576001,-122.345113,"1300 Bayswater Aveune, Burlingame",parochial, 8.8k,1,, 8.5k, 8.8k, 8.8k, 8.8k, 8.8k, 8.8k, 8.8k, 8.8k, 8.8k,,,,
322,San Francisco,San Francisco Unified,Stella Maris Academy,K-8,,1,1,,https://stellamarissf.org/,37.781834,-122.46701,"360 9th StAve, San Francisco",parochial, 10.5k,1,, 10.5k, 10.5k, 10.5k, 10.5k, 10.5k, 10.5k, 10.5k, 10.5k, 10.5k,,,,
309,San Francisco,San Francisco Unified,St. Finn Barr Catholic School,K-8,,1,1,,https://stfinnbarr.org/,37.730446,-122.44741,"419 Hearst Ave., San Francisco",parochial, 9.6k,1,, 9.5k, 9.5k, 9.5k, 9.5k, 9.5k, 9.5k, 9.6k, 9.6k, 9.6k,,,,
310,San Francisco,San Francisco Unified,St. Gabriel Elementary School,K-8,,1,1,,https://stgabrielsf.com/,37.739563,-122.498634,"2550 41st Ave., San Francisco",parochial, 11.9k,,, 11.9k, 11.9k, 11.9k, 11.9k, 11.9k, 11.9k, 11.9k, 11.9k, 11.9k,,,,
230,San Mateo,San Mateo-Foster City,St Gregory,K-8,,1,1,,https://stgregs-sanmateo.org/,37.540634,-122.307556,"2701 Hacienda St., San Mateo",parochial, 10.8k,,, 9.8k, 10.1k, 10.1k, 10.1k, 10.1k, 10.1k, 10.8k, 10.8k, 10.8k,,,,
314,San Francisco,San Francisco Unified,St. John the Evangelist,K-8,,1,1,,https://stjohnseagles.com/,37.734886,-122.43753,"925 Chenery St., San Francisco",parochial, 9.5k,,, 9.5k, 9.5k, 9.5k, 9.5k, 9.5k, 9.5k, 9.5k, 9.5k, 9.5k,,,,
98,Marin,Larkspur-Corte Madera,St. Patrick School,K-8,,1,1,,https://stpatricksmarin.org/,37.934667,-122.536631,"120 King St., Larkspur",parochial, 13.4k,1,, 13.4k, 13.4k, 13.4k, 13.4k, 13.4k, 13.4k, 13.4k, 13.4k, 13.4k,,,,
138,Contra Costa,Pittsburg Unified,St. Peter Martyr Elementary,K-8,,1,1,,https://stpetermartyrschool.org/,38.033739,-121.890964,"425 West 4th St., Pittsburg",parochial, 10.8k,1, 10.5k, 10.5k, 10.5k, 10.5k, 10.5k, 10.5k, 10.5k, 10.8k, 10.8k, 10.8k,,,,
232,San Mateo,San Mateo-Foster City,St. Timothy School,K-8,,1,1,,https://sttimothyschool.org/,37.57442,-122.311255,"1515 Dolan Ave., San Mateo",parochial, 9.8k,,, 9.8k, 9.8k, 9.8k, 9.8k, 9.8k, 9.8k, 9.8k, 9.8k, 9.8k,,,,
321,San Francisco,San Francisco Unified,St. Vincent de Paul School,K-8,,1,1,,https://svdpsf.com/,37.796112,-122.43785,"2350 Green St., San Francisco",parochial, 16.0k,,, 16.0k, 16.0k, 16.0k, 16.0k, 16.0k, 16.0k, 16.0k, 16.0k, 16.0k,,,,
92,Alameda,Berkeley Unified,School of the Madeleine,K-8,,1,1,,https://themadeleine.com/,37.884645,-122.271751,"1225 Milvia St., Berkeley",parochial, 14.5k,1, 13.9k, 13.9k, 13.9k, 13.9k, 13.9k, 13.9k, 13.9k, 14.5k, 14.5k, 14.5k,,,,
161,Marin,Sausalito Marin City,The New Village School,K-8,,1,1,,https://thenewvillageschool.org/,37.869763,-122.505587,"100 Ebbtide Ave, Ste 144, Sausalito",, 21.5k,, 19.5k,, 21.5k, 21.5k, 21.5k, 21.5k, 21.5k, 21.5k, 21.5k, 21.5k,,,,
245,San Francisco,San Francisco Unified,Alta Vista School,K-8,,1,1,,https://www.altavistaschool.org/,37.72569,-122.40767,"450 Somerset St., San Francisco",, 41.8k,,, 41.8k, 41.8k, 41.8k, 41.8k, 41.8k, 41.8k, 41.8k, 41.8k, 41.8k,,,,
126,Alameda,San Leandro Unified,Assumption,K-8,,1,1,,https://www.assumptionschool-sl.org/,37.720274,-122.136537,"1851 136th Ave., San Leandro",parochial, 10.9k,1,, 10.9k, 10.9k, 10.9k, 10.9k, 10.9k, 10.9k, 10.9k, 10.9k, 10.9k,,,,
18,Alameda,Oakland Unified,Bentley School,K-8,,1,1,,https://www.bentleyschool.org/,37.853178,-122.23387,"1 Hiller Dr., Oakland",, 44.8k,,, 41.2k, 41.2k, 41.2k, 41.2k, 41.2k, 41.2k, 44.8k, 44.8k, 44.8k,,,,
32,Alameda,Berkeley Unified,Berkwood Hedge School,K-8,,1,1,,https://www.berkwood.org/,37.866974,-122.27423,"1809 Bancroft Way, Berkeley",, 37.5k,,, 31.5k, 31.5k, 31.5k, 31.5k, 31.5k, 31.5k, 37.5k, 37.5k, 37.5k,,,,
38,Contra Costa,West Contra Costa Unified,Big Minds,K-8,,1,1,,https://www.bigmindsunschool.org/,38.003736,-122.294413,"1937 San Pablo Ave., Pinole",, 39.1k,,, 39.1k, 39.1k, 39.1k, 39.1k, 39.1k, 39.1k, 39.1k, 39.1k, 39.1k, 39.1k, 39.1k, 39.1k, 39.1k
187,Marin,San Rafael City Elementary,Brandeis Marin,K-8,,1,1,,https://www.brandeismarin.org/,37.999505,-122.522877,"180 North San Pedro Rd., San Rafael",parochial, 43.9k,,, 41.5k, 41.5k, 41.5k, 41.5k, 41.5k, 41.5k, 43.9k, 43.9k, 43.9k,,,,
270,San Francisco,San Francisco Unified,Katherine Delmar Burke School,K-8,,1,1,,https://www.burkes.org/,37.784283,-122.493324,"7070 California St., San Francisco",, 46.5k,,, 46.5k, 46.5k, 46.5k, 46.5k, 46.5k, 46.5k, 46.5k, 46.5k, 46.5k,,,,
250,San Francisco,San Francisco Unified,Cathedral School For Boys,K-8,,1,1,,https://www.cathedralschool.net/,37.792007,-122.41338,"1275 Sacramento St., San Francisco",parochial, 46.9k,,, 44.0k, 45.5k, 45.5k, 45.5k, 45.5k, 46.9k, 46.9k, 46.9k, 46.9k,,,,
86,Alameda,Alameda Unified,Coastline Christian Schools,K-8,,1,1,,https://www.coastlinechristian.org/,37.727679,-122.239947,"1801 North Loop Rd., Alameda",parochial, 15.5k,1,, 14.4k, 14.4k, 14.4k, 14.4k, 14.4k, 14.4k, 15.5k, 15.5k, 15.5k,,,,
113,Alameda,Piedmont City Unified,Corpus Christi Elementary,K-8,,1,1,,https://www.corpuschristischool.com/,37.836653,-122.172913,"1 Estates Dr., Piedmont",parochial, 10.6k,,, 10.6k, 10.6k, 10.6k, 10.6k, 10.6k, 10.6k, 10.6k, 10.6k, 10.6k,,,,
64,Contra Costa,West Contra Costa Unified,Crestmont School,K-8,,1,1,,https://www.crestmontschool.org/,37.944516,-122.316181,"6226 Arlington Blvd., Richmond",, 24.1k,,, 23.9k, 23.9k, 23.9k, 23.9k, 23.9k, 23.9k, 24.1k, 24.1k, 24.1k,,,,
255,San Francisco,San Francisco Unified,Donum Dei Classical Academy,K-8,,1,1,,https://www.donumdei.org/,37.74593,-122.4127,"1550 Treat Ave., San Francisco",parochial, 20.9k,,, 20.9k, 20.9k, 20.9k, 20.9k, 20.9k, 20.9k, 20.9k, 20.9k, 20.9k,,,,
59,Marin,Miller Creek Elementary,GATE Academy,K-8,,1,1,,https://www.gateacademy.org/,38.034136,-122.525115,"1 St. Vincent Dr., San Rafael",, 25.1k,,, 25.1k, 25.1k, 25.1k, 25.1k, 25.1k, 25.1k, 25.1k, 25.1k, 25.1k,,,,
150,Contra Costa,Brentwood Union,Golden Hills Christian School,K-8,,1,1,,https://www.ghcs.org/,37.960354,-121.738033,"2401 Shady Willow Ln., Brentwood",parochial, 8.2k,1,, 8.0k, 8.0k, 8.0k, 8.0k, 8.0k, 8.0k, 8.2k, 8.2k, 8.2k,,,,
202,San Mateo,Jefferson Elementary,Hilldale School,K-8,,1,1,,https://www.hilldaleschool.org/,37.697916,-122.457975,"79 Florence St., Daly City",, 27.0k,,, 27.0k, 27.0k, 27.0k, 27.0k, 27.0k, 27.0k, 27.0k, 27.0k, 27.0k,,,,
145,Contra Costa,Antioch Unified,Hilltop Christian,K-8,,1,1,,https://www.hilltopcs.org/,37.968156,-121.781624,"2200 Country Hills Dr., Antioch",parochial, 9.0k,,, 8.0k, 8.0k, 8.2k, 8.3k, 8.5k, 8.9k, 8.9k, 8.9k, 9.0k,,,,
265,San Francisco,San Francisco Unified,Hillwood Academic Day,K-8,,1,1,,https://www.hillwoodschool.com/index.html,37.793324,-122.44012,"2521 Scott St., San Francisco",, 18.0k,,, 18.0k, 18.0k, 18.0k, 18.0k, 18.0k, 18.0k, 18.0k, 18.0k, 18.0k,,,,
203,San Mateo,Jefferson Elementary,Holy Angels Elementary,K-8,,1,1,,https://www.holyangelscolma.org/,37.686909,-122.466864,"20 Reiner St., Colma",parochial, 9.9k,1,, 9.9k, 9.9k, 9.9k, 9.9k, 9.9k, 9.9k, 9.9k, 9.9k, 9.9k,,,,
272,San Francisco,San Francisco Unified,Kittredge School,K-8,,1,1,,https://www.kittredge.org/,37.785507,-122.484955,"2355 Lake St, San Francisco",, 26.6k,,, 25.8k, 25.8k, 25.8k, 25.8k, 25.8k, 25.8k, 26.6k, 26.6k, 26.6k,,,,
273,San Francisco,San Francisco Unified,KZV Armenian School,K-8,,1,1,,https://www.kzv.org/,37.71384,-122.47832,"825 Brotherhood Way, San Francisco",parochial, 15.9k,1, 15.9k, 12.6k, 12.6k, 12.6k, 12.6k, 12.6k, 12.6k, 12.6k, 12.6k, 12.6k,,,,
277,San Francisco,San Francisco Unified,Live Oak School,K-8,,1,1,,https://www.liveoaksf.org/,37.763557,-122.39947,"1555 Mariposa St., San Francisco",, 44.4k,,, 43.8k, 43.8k, 43.8k, 43.8k, 43.8k, 43.8k, 44.4k, 44.4k, 44.4k,,,,
185,Marin,Miller Creek Elementary,Marin Waldorf School,K-8,,1,1,,https://www.marinwaldorf.org/,38.027954,-122.558396,"755 Idylberry Rd., San Rafael",, 29.8k,1, 21.5k, 24.9k, 29.8k, 29.8k, 29.8k, 29.8k, 29.8k, 29.8k, 29.8k, 29.8k,,,,
17,Marin,Miller Creek Elementary,Mark Day School,K-8,,1,1,,https://www.markdayschool.org/,38.007054,-122.555063,"39 Trellis Dr., San Rafael",, 43.3k,,, 43.3k, 43.3k, 43.3k, 43.3k, 43.3k, 43.3k, 43.3k, 43.3k, 43.3k,,,,
10,Marin,Larkspur-Corte Madera,Marin Country Day School,K-8,,1,1,,https://www.mcds.org/,37.91868,-122.491548,"5221 Paradise Dr., Corte Madera",, 47.6k,,, 45.1k, 45.1k, 45.1k, 45.1k, 45.1k, 45.1k, 47.6k, 47.6k, 47.6k,,,,
97,Alameda,New Haven Unified,Mission Hills Middle School,K-8,,1,1,,https://www.mhmschool.org/,37.607898,-122.026835,"250 Tamarack Dr., Union City",, 14.1k,,, 14.1k, 14.1k, 14.1k, 14.1k, 14.1k, 14.1k, 2.0k, 2.0k, 2.0k,,,,
15,Marin,Mill Valley Elementary,Mount Tamalpais School,K-8,,1,1,,https://www.mttam.org/,37.888414,-122.533071,"100 Harvard Ave., Mill Valley",, 46.4k,,, 44.3k, 44.3k, 44.3k, 44.3k, 44.3k, 44.3k, 46.4k, 46.4k, 46.4k,,,,
197,San Mateo,Belmont-Redwood Shores Elementary,Notre Dame Elementary,K-8,,1,1,,https://www.nde.org/,37.51782,-122.288614,"1200 Notre Dame Ave., Belmont",parochial, 13.6k,1,, 13.6k, 13.6k, 13.6k, 13.6k, 13.6k, 13.6k, 13.6k, 13.6k, 13.6k,,,,
112,Alameda,Castro Valley Unified,Our Lady of Grace School,K-8,,1,1,,https://www.olgschool.org/,37.700539,-122.083281,"19920 Anita Ave., Castro Valley",parochial, 10.6k,1,, 10.6k, 10.6k, 10.6k, 10.6k, 10.6k, 10.6k, 10.6k, 10.6k, 10.6k,,,,
204,San Mateo,Jefferson Elementary,Our Lady of Mercy Elementary,K-8,,1,1,,https://www.olmbulldogs.com/,37.698392,-122.48789,"7 Elmwood Dr., Daly City",parochial, 10.5k,,, 10.5k, 10.5k, 10.5k, 10.5k, 10.5k, 10.5k, 10.5k, 10.5k, 10.5k,,,,
33,Alameda,Oakland Unified,Park Day School,K-8,,1,1,,https://www.parkdayschool.org/,37.831541,-122.257656,"360 42Nd St., Oakland",, 38.0k,,, 36.5k, 36.5k, 36.5k, 36.5k, 36.5k, 36.5k, 38.0k, 38.0k, 38.0k,,,,
210,San Mateo,Menlo Park City Elementary,"Peninsula School, Ltd",K-8,,1,1,,https://www.peninsulaschool.org/,37.466403,-122.166256,"920 Peninsula Way, Menlo Park",, 32.0k,, 32.0k, 32.0k, 32.0k, 32.0k, 32.0k, 32.0k, 32.0k, 32.0k, 32.0k, 32.0k,,,,
286,San Francisco,San Francisco Unified,Presidio Knolls School,K-8,,1,1,,https://www.presidioknolls.org/,37.77319,-122.413704,"250 10th St., San Francisco",, 45.5k,,, 40.9k, 40.9k, 40.9k, 40.9k, 40.9k, 40.9k, 45.5k, 45.5k, 45.5k,,,,
25,Alameda,Oakland Unified,Redwood Day School,K-8,,1,1,,https://www.rdschool.org/,37.798309,-122.221743,"3245 Sheffield Ave., Oakland",, 39.7k,,, 35.4k, 35.4k, 35.4k, 35.4k, 35.4k, 35.4k, 39.7k, 39.7k, 39.7k,,,,
217,San Mateo,Redwood City Elementary,Redeemer Lutheran School,K-8,,1,1,,https://www.redeemer-school.org/,37.479316,-122.237407,"468 Grand St., Redwood City",parochial, 17.1k,,, 17.1k, 17.1k, 17.1k, 17.1k, 17.1k, 17.1k, 17.1k, 17.1k, 17.1k,,,,
291,San Francisco,San Francisco Unified,Saint Brigid School,K-8,,1,1,,https://www.saintbrigidsf.org/,37.79509,-122.42483,"2250 Franklin St., San Francisco",parochial, 19.8k,,, 19.8k, 19.8k, 19.8k, 19.8k, 19.8k, 19.8k, 19.8k, 19.8k, 19.8k,,,,
318,San Francisco,San Francisco Unified,St. Philip School,K-8,,1,1,,https://www.saintphilipschool.org/,37.75176,-122.43554,"665 Elizabeth St., San Francisco",parochial, 10.9k,1,, 10.9k, 10.9k, 10.9k, 10.9k, 10.9k, 10.9k, 10.9k, 10.9k, 10.9k,,,,
241,San Mateo,South San Francisco Unified,St. Veronica Catholic School,K-8,,1,1,,https://www.saintveronicassf.org/,37.647132,-122.430207,"434 Alida Way, South San Francisco",parochial, 9.6k,1,, 9.6k, 9.6k, 9.6k, 9.6k, 9.6k, 9.6k, 9.6k, 9.6k, 9.6k,,,,
216,San Mateo,Redwood City Elementary,Our Lady of Mt. Carmel,K-8,,1,1,,https://www.school.mountcarmel.org/,37.481235,-122.239213,"301 Grand St., Redwood City",parochial, 11.2k,1, 7.9k, 11.2k, 11.2k, 11.2k, 11.2k, 11.2k, 11.2k, 11.2k, 11.2k, 11.2k,,,,
200,San Mateo,Cabrillo Unified,Sea Crest School,K-8,,1,1,,https://www.seacrestschool.org/,37.4569,-122.426919,"901 Arnold Way, Half Moon Bay",, 28.9k,,, 27.8k, 27.8k, 27.8k, 27.8k, 27.8k, 28.9k, 28.9k, 28.9k, 28.9k,,,,
119,Contra Costa,Mt. Diablo Unified,Saint Francis of Assisi,K-8,,1,1,,https://www.sfaconcord.org/,37.942192,-122.026659,"866 Oak Grove Rd., Concord",parochial, 10.7k,1, 10.6k, 10.6k, 10.6k, 10.6k, 10.6k, 10.6k, 10.6k, 10.7k, 10.7k, 10.7k,,,,
330,San Francisco,San Francisco Unified,The Brandeis School of San Francisco,K-8,,1,1,,https://www.sfbrandeis.org/,37.713314,-122.47565,"655 Brotherhood Way, San Francisco",parochial, 44.5k,,, 43.3k, 43.3k, 43.3k, 43.3k, 43.3k, 44.5k, 44.5k, 44.5k, 44.5k,,,,
295,San Francisco,San Francisco Unified,San Francisco City Academy,K-8,,1,1,,https://www.sfcityacademy.com/,37.783504,-122.4122,"230 Jones St., San Francisco",parochial, 13.1k,,, 13.1k, 13.1k, 13.1k, 13.1k, 13.1k, 13.1k, 13.1k, 13.1k, 13.1k,,,,
296,San Francisco,San Francisco Unified,San Francisco Day School,K-8,,1,1,,https://www.sfday.org/,37.77804,-122.44628,"350 Masonic Ave, San Francisco",, 43.7k,,, 43.7k, 43.7k, 43.7k, 43.7k, 43.7k, 43.7k, 43.7k, 43.7k, 43.7k,,,,
297,San Francisco,San Francisco Unified,San Francisco Friends School,K-8,,1,1,,https://www.sffriendsschool.org/,37.76898,-122.422905,"250 Valencia St., San Francisco",, 45.2k,,, 43.7k, 43.7k, 43.7k, 43.7k, 43.7k, 43.7k, 45.2k, 45.2k, 45.2k,,,,
299,San Francisco,San Francisco Unified,San Francisco Islamic School,K-8,,1,1,,https://www.sfislamicschool.org/,37.713924,-122.45438,"55 Farallones Ave, San Francisco",parochial, 8.0k,,, 8.0k, 8.0k, 8.0k, 8.0k, 8.0k, 8.0k, 8.0k, 8.0k, 8.0k,,,,
301,San Francisco,San Francisco Unified,San Francisco Schoolhouse,K-8,,1,1,,https://www.sfschoolhouse.org/,37.7747,-122.43015,"735 Fell St., San Francisco",, 20.9k,,, 20.9k, 20.9k, 20.9k, 20.9k, 20.9k, 20.9k, 20.9k, 20.9k, 20.9k,,,,
21,Alameda,Oakland Unified,St Paul’s Episcopal School,K-8,,1,1,,https://www.spes.org/,37.811256,-122.259996,"116 Montecito Ave, Oakland",parochial, 40.4k,,, 35.5k, 35.5k, 35.5k, 35.5k, 35.5k, 35.5k, 40.4k, 40.4k, 40.4k,,,,
240,San Mateo,South San Francisco Unified,All Souls Catholic Elementary,K-8,,1,1,,https://www.ssfallsoulsschool.org/,37.657133,-122.415109,"479 Miller Ave., South San Francisco",parochial, 9.3k,1,, 8.7k, 9.0k, 9.0k, 9.0k, 9.0k, 9.0k, 9.3k, 9.3k, 9.3k,,,,
99,Alameda,Hayward Unified,St. Bede Catholic School,K-8,,1,1,,https://www.stbedecatholicschool.org/,37.638634,-122.079274,"26910 Patrick Ave., Hayward",parochial, 9.9k,1,,, 9.9k, 9.9k, 9.9k, 9.9k, 9.9k,,,,,,,
307,San Francisco,San Francisco Unified,St. Brendan Elementary,K-8,,1,1,,https://www.stbrendansf.com/,37.742855,-122.455925,"940 Laguna Honda Blvd., San Francisco",parochial, 10.2k,,, 10.2k, 10.2k, 10.2k, 10.2k, 10.2k, 10.2k, 10.2k, 10.2k, 10.2k,,,,
222,San Mateo,San Carlos Elementary,St. Charles Elementary,K-8,,1,1,,https://www.stcharlesschoolsc.org/,37.496027,-122.266956,"850 Tamarack Ave, San Carlos",parochial, 12.8k,,, 11.5k, 11.6k, 11.6k, 11.6k, 11.6k, 11.6k, 12.8k, 12.8k, 12.8k,,,,
101,Marin,Miller Creek Elementary,Saint Isabella School,K-8,,1,1,,https://www.stisabellaschool.org/,38.009575,-122.554712,"1 Trinity Way, San Rafael",parochial, 12.3k,1,, 12.3k, 12.3k, 12.3k, 12.3k, 12.3k, 12.3k, 12.3k, 12.3k, 12.3k,,,,
114,Contra Costa,San Ramon Valley Unified,St. Isidore School,K-8,,1,1,,https://www.stisidore.org/,37.826333,-122.003782,"435 La Gonda Way, Danville",parochial, 11.5k,1,, 11.5k, 11.5k, 11.5k, 11.5k, 11.5k, 11.5k, 11.5k, 11.5k, 11.5k,,,,
128,Alameda,San Lorenzo Unified,St. John Catholic School,K-8,,1,1,,https://www.stjohncatholicschool.org/,37.68736,-122.117933,"270 East Lewelling Blvd., San Lorenzo",parochial, 10.8k,1, 10.8k, 10.8k, 10.8k, 10.8k, 10.8k, 10.8k, 10.8k, 10.8k, 10.8k, 10.8k,,,,
231,San Mateo,San Mateo-Foster City,St. Matthew Catholic,K-8,,1,1,,https://www.stmatthewcath.org/,37.558006,-122.322034,"910 South El Camino Real, San Mateo",parochial, 9.9k,,, 9.9k, 9.9k, 9.9k, 9.9k, 9.9k, 9.9k, 9.5k, 9.5k, 9.5k,,,,
292,San Francisco,San Francisco Unified,Saint Monica School,K-8,,1,1,,https://www.stmonicasf.org/,37.780384,-122.48306,"5950 Geary Blvd., San Francisco",parochial, 10.9k,,, 10.9k, 10.9k, 10.9k, 10.9k, 10.9k, 10.9k, 10.9k, 10.9k, 10.9k,,,,
118,Contra Costa,John Swett Unified,St. Patrick School,K-8,1,1,1,,https://www.stpatrickschoolrodeo.org/,38.029076,-122.263291,"907 Seventh St., Rodeo",parochial, 13.4k,1, 9.4k, 9.4k, 9.4k, 9.4k, 9.4k, 9.4k, 9.4k, 9.4k, 9.4k, 9.4k,,,,
116,Contra Costa,Lafayette Elementary,St. Perpetua,K-8,,1,1,,https://www.stperpetuaschool.org/,37.881523,-122.112681,"3445 Hamlin Rd., Lafayette",parochial, 12.4k,1,, 12.4k, 12.4k, 12.4k, 12.4k, 12.4k, 12.4k,,,,,,,
317,San Francisco,San Francisco Unified,St. Peter’s School,K-8,,1,1,,https://www.stpeterssf.org/,37.751724,-122.41011,"1266 Florida St., San Francisco",parochial, 6.3k,1,, 6.3k, 6.3k, 6.3k, 6.3k, 6.3k, 6.3k, 6.3k, 6.3k, 6.3k,,,,
188,Marin,San Rafael City Elementary,Saint Raphael Elementary,K-8,,1,1,,https://www.straphaelschool.com/,37.974307,-122.527439,"1100 Fifth Ave., San Rafael",parochial, 11.6k,1,,, 11.6k, 11.6k, 11.6k, 11.6k, 11.6k,,,,,,,
320,San Francisco,San Francisco Unified,St. Thomas More,K-8,,1,1,,https://www.stthomasmoreschool.org/,37.7123,-122.47339,"50 Thomas More Way, San Francisco",parochial, 9.7k,,, 9.7k, 9.7k, 9.7k, 9.7k, 9.7k, 9.7k, 9.7k, 9.7k, 9.7k,,,,
37,Alameda,Berkeley Unified,The Academy,K-8,,1,1,,https://www.theacademyschool.org/,37.860797,-122.255026,"2722 Benvenue Ave., Berkeley",, 35.3k,,, 30.4k, 30.4k, 30.4k, 30.4k, 30.4k, 30.4k, 35.3k, 35.3k, 35.3k,,,,
336,San Francisco,San Francisco Unified,Town School for Boys,K-8,,1,1,,https://www.townschool.com/,37.792034,-122.44013,"2750 Jackson St., San Francisco",, 46.9k,,, 46.9k, 46.9k, 46.9k, 46.9k, 46.9k, 46.9k, 46.9k, 46.9k, 46.9k,,,,
135,Contra Costa,Walnut Creek Elementary,Walnut Creek Christian Academy,K-8,,1,1,,https://www.wccaeagles.org/,37.911277,-122.069921,"2336 Buena Vista Ave., Walnut Creek",parochial, 10.8k,1,, 10.3k, 10.8k, 10.8k, 10.8k, 10.8k, 10.8k, 10.8k, 10.8k, 10.8k,,,,
140,Contra Costa,Mt. Diablo Unified,Wood Rose Academy,K-8,,1,1,,https://www.woodroseacademy.org/,37.952702,-121.997749,"4347 Cowell Rd., Concord",parochial, 18.2k,1, 18.2k, 10.6k, 10.6k, 10.6k, 10.6k, 10.6k, 10.6k, 10.6k, 10.6k, 10.6k,,,,
338,San Francisco,San Francisco Unified,West Portal Lutheran School,K-8,,1,1,,https://www.wplsf.com/,37.735092,-122.474,"200 Sloat Blvd, San Francisco",parochial, 10.0k,,, 10.0k, 10.0k, 10.0k, 10.0k, 10.0k, 10.0k, 10.0k, 10.0k, 10.0k,,,,
339,San Francisco,San Francisco Unified,Zion Lutheran School,K-8,,1,1,,https://www.zionsfschool.org/,37.77924,-122.467636,"495 9th Ave., San Francisco",parochial, 11.3k,,, 11.3k, 11.3k, 11.3k, 11.3k, 11.3k, 11.3k, 11.3k, 11.3k, 11.3k,,,,
105,Alameda,Hayward Unified,Northstar School,"K-8, pre-K",1,1,1,,https://northstarschool.org/,37.688783,-122.054175,"22502 Woodroe Ave., Hayward",parochial, 11.5k,1, 11.5k, 9.4k, 9.4k, 9.4k, 9.4k, 9.4k, 9.4k, 9.4k, 9.4k, 9.4k,,,,
182,Contra Costa,Walnut Creek Elementary,St. Mary Catholic School,"K-8, pre-K",1,1,1,,https://st-mary.net/,37.895715,-122.067147,"1158 Bont Ln, Walnut Creek",parochial, 11.1k,, 11.1k, 11.1k, 11.1k, 11.1k, 11.1k, 11.1k, 11.1k, 11.1k, 11.1k, 11.1k,,,,
139,Contra Costa,Martinez Unified,St. Catherine of Siena,"K-8, pre-K",1,1,1,,https://stcatherinemartinez.com/,38.014517,-122.134921,"604 Mellus St., Martinez",parochial, 10.6k,1, 9.9k, 10.6k, 10.6k, 10.6k, 10.6k, 10.6k, 10.6k, 10.6k, 10.6k, 10.6k,,,,
308,San Francisco,San Francisco Unified,St. Cecilia Elementary,"K-8, pre-K",1,1,1,,https://stceciliaschool.org/,37.739502,-122.4739,"660 Vicente St., San Francisco",parochial, 10.5k,1, 10.5k, 9.8k, 9.8k, 9.8k, 9.8k, 9.8k, 9.8k, 9.8k, 9.8k, 9.8k,,,,
131,Alameda,San Lorenzo Unified,St. Felicitas Catholic School,"K-8, pre-K",1,1,1,,https://stfelicitas-school.org/,37.690835,-122.158284,"1650 Manor Blvd., San Leandro",parochial, 11.8k,1, 11.8k, 10.7k, 10.9k, 10.9k, 10.9k, 10.9k, 10.9k, 10.9k, 10.9k, 10.9k,,,,
328,San Francisco,San Francisco Unified,Synergy School,"K-8, pre-K",1,1,1,,https://synergyschool.org/,37.750885,-122.42033,"1387 Valencia St., San Francisco",, 29.8k,, 27.6k, 27.6k, 27.6k, 27.6k, 27.6k, 27.6k, 27.6k, 29.8k, 29.8k, 29.8k,,,,
120,Alameda,Hayward Unified,All Saints Catholic School,"K-8, pre-K",1,1,1,,https://www.ascshayward.org/,37.672534,-122.076183,"22870 Second St., Hayward",parochial, 11.9k,1, 11.4k, 11.4k, 11.9k, 11.9k, 11.9k, 11.9k, 11.9k, 11.5k, 11.5k, 11.5k,,,,
215,San Mateo,Ravenswood City Elementary,Beechwood School,"K-8, pre-K",1,1,1,,https://www.beechwoodschool.org/,37.478798,-122.168171,"50 Terminal Ave., Menlo Park",, 2.9k,, 2.4k, 2.9k, 2.9k, 2.9k, 2.9k, 2.9k, 2.9k, 2.9k, 2.9k, 2.9k,,,,
41,Alameda,Berkeley Unified,Berkeley Rose Waldorf School,"K-8, pre-K",1,1,1,,https://www.berkeleyrose.org/,37.864905,-122.255822,"2515 Hillegass Ave., Berkeley",, 32.2k,, 21.2k, 21.2k, 28.2k, 28.2k, 28.2k, 28.2k, 28.2k, 32.2k, 32.2k, 32.2k,,,,
252,San Francisco,San Francisco Unified,Chinese American International School,"K-8, pre-K",1,1,1,,https://www.cais.org/,37.78188,-122.423645,"888 Turk St., San Francisco",, 42.6k,, 39.6k, 42.6k, 42.6k, 42.6k, 42.6k, 42.6k, 42.6k, 42.6k, 42.6k, 42.6k,,,,
251,San Francisco,San Francisco Unified,Children’s Day School,"K-8, pre-K",1,1,1,,https://www.cds-sf.org/,37.764256,-122.4252,"333 Dolores St., San Francisco",, 45.6k,, 44.8k, 44.8k, 44.8k, 44.8k, 44.8k, 44.8k, 45.6k, 45.6k, 45.6k, 45.6k,,,,
56,Alameda,Newark Unified,Challenger School – Ardenwood,"K-8, pre-K",1,1,1,,https://www.challengerschool.com/,37.547105,-122.054004,"35487 Dumbarton Ct., Newark",, 27.1k,, 25.8k, 24.3k, 25.0k, 25.0k, 25.0k, 25.0k, 25.0k, 27.1k, 27.1k, 27.1k,,,,
254,San Francisco,San Francisco Unified,Cornerstone Academy,"K-8, pre-K",1,1,1,,https://www.cornerstone-academy.net/,37.729443,-122.41835,"801 Silver Ave., San Francisco",, 21.8k,, 21.8k, 16.8k, 16.8k, 16.8k, 16.8k, 16.8k, 16.8k, 16.8k, 16.8k, 16.8k,,,,
19,Alameda,Berkeley Unified,Ecole Bilingue De Berkeley,"K-8, pre-K",1,1,1,,https://www.eb.org/,37.854241,-122.28936,"1009 Heinz Ave., Berkeley",, 41.2k,, 36.6k, 36.6k, 37.4k, 37.4k, 37.4k, 37.4k, 37.4k, 41.2k, 41.2k, 41.2k,,,,
22,Alameda,Oakland Unified,Escuela Bilingüe Internacional,"K-8, pre-K",1,1,1,,https://www.ebinternacional.org/,37.850875,-122.256891,"410 Alcatraz Ave., Oakland",, 40.0k,, 31.9k, 37.3k, 37.3k, 37.3k, 37.3k, 37.3k, 37.3k, 40.0k, 40.0k, 40.0k,,,,
226,San Mateo,San Mateo-Foster City,Episcopal Day School of St. Matthew,"K-8, pre-K",1,1,1,,https://www.episcopaldaysanmateo.org/,37.565464,-122.327284,"16 Baldwin Ave., San Mateo",parochial, 45.3k,, 32.5k, 41.8k, 41.8k, 41.8k, 41.8k, 41.8k, 45.3k, 45.3k, 45.3k, 45.3k,,,,
261,San Francisco,San Francisco Unified,"German International School of Silicon Valley, San Francisco Campus","K-8, pre-K",1,1,1,,https://www.gissv.org/gissv-home-english/admissions/tuition-fees/san-francisco-campus,37.760124,-122.4368,"117 Diamond St., San Francisco",, 39.1k,, 39.1k, 39.1k, 31.5k, 31.5k, 31.5k, 31.5k, 34.7k, 34.7k, 34.7k, 34.7k,,,,
262,San Francisco,San Francisco Unified,Golden Bridges School,"K-8, pre-K",1,1,1,,https://www.goldenbridgesschool.org/,37.72458,-122.41695,"503 Cambridge St., San Francisco",, 33.7k,, 30.3k, 33.1k, 33.7k, 33.7k, 33.7k, 33.7k, 33.7k, 33.7k, 33.7k, 33.7k,,,,
78,Marin,Novato Unified,Good Shepherd Lutheran School,"K-8, pre-K",1,1,1,,https://www.gslsnovato.org/,38.081148,-122.557284,"1180 Lynwood Dr, Novato",parochial, 17.6k,1, 16.5k, 15.1k, 15.1k, 15.1k, 15.1k, 15.1k, 15.1k, 17.6k, 17.6k, 17.6k,,,,
274,San Francisco,San Francisco Unified,La Scuola International School,"K-8, pre-K",1,1,1,,https://www.lascuolasf.org/,37.76232,-122.41644,"3250 18th St., San Francisco",, 45.9k,, 43.2k, 43.8k, 43.8k, 43.8k, 43.8k, 43.8k, 43.8k, 45.9k, 45.9k, 45.9k,,,,
12,Marin,Mill Valley Elementary,Marin Horizon School,"K-8, pre-K",1,1,1,,https://www.marinhorizon.org/,37.896671,-122.543746,"305 Montford Ave., Mill Valley",, 46.9k,, 35.2k, 42.8k, 42.8k, 42.8k, 42.8k, 42.8k, 45.1k, 45.1k, 45.1k, 46.9k,,,,
11,Marin,Larkspur-Corte Madera,Marin Primary and Middle School,"K-8, pre-K",1,1,1,,https://www.mpms.org/,37.928624,-122.532353,"20 Magnolia Ave., Larkspur",, 47.6k,, 40.5k, 42.4k, 43.7k, 43.7k, 43.7k, 43.7k, 46.4k, 46.4k, 46.4k, 47.6k,,,,
106,Contra Costa,Mt. Diablo Unified,NorthCreek Academy,"K-8, pre-K",1,1,1,,https://www.ncapschool.org/,37.922539,-122.027979,"2303 Ygnacio Valley Rd., Ste. A, Walnut Creek",, 12.6k,1, 5.3k, 8.8k, 12.2k, 12.2k, 12.2k, 12.2k, 12.2k, 12.6k, 12.6k, 12.6k,,,,
84,Alameda,Oakland Unified,Northern Light School,"K-8, pre-K",1,1,1,,https://www.northernlightschool.com/,37.757752,-122.144657,"3710 Dorisa Ave, Oakland",, 16.6k,1, 15.6k, 15.6k, 15.6k, 15.6k, 15.6k, 15.6k, 15.6k, 16.6k, 16.6k, 16.6k,,,,
36,Alameda,Oakland Unified,Oakland Hebrew Day School,"K-8, pre-K",1,1,1,,https://www.ohds.org/,37.797674,-122.169932,"5500 Redwood Rd., Oakland",parochial, 33.5k,, 23.7k, 32.2k, 32.2k, 32.2k, 32.2k, 32.2k, 32.2k, 33.5k, 33.5k, 33.5k,,,,
285,San Francisco,San Francisco Unified,Presidio Hill School,"K-8, pre-K",1,1,1,,https://www.presidiohill.org/,37.78858,-122.45606,"3839 Washington St., San Francisco",, 42.4k,, 41.3k, 41.3k, 41.3k, 41.3k, 42.4k, 42.4k, 42.4k, 42.4k, 42.4k, 42.4k,,,,
28,Contra Costa,West Contra Costa Unified,Prospect Sierra School,"K-8, pre-K",1,1,1,,https://www.prospectsierra.org/,37.915028,-122.298529,"960 Avis Dr., El Cerrito",, 38.9k,, 27.7k, 34.3k, 34.3k, 34.3k, 34.3k, 34.3k, 38.9k, 38.9k, 38.9k, 38.9k,,,,
178,Contra Costa,Moraga Elementary,The Saklan School,"K-8, pre-K",1,1,1,,https://www.saklan.org/,37.833203,-122.133092,"1678 School St., Moraga",, 37.3k,, 22.0k, 31.7k, 31.7k, 31.7k, 31.7k, 31.7k, 31.7k, 37.3k, 37.3k, 37.3k,,,,
40,Contra Costa,Walnut Creek Elementary,The Seven Hills School,"K-8, pre-K",1,1,1,,https://www.sevenhillsschool.org/,37.92233,-122.048899,"975 North San Carlos Dr., Walnut Creek",, 39.2k,, 34.8k, 34.8k, 34.8k, 34.8k, 34.8k, 34.8k, 39.2k, 39.2k, 39.2k, 39.2k,,,,
334,San Francisco,San Francisco Unified,The San Francisco School,"K-8, pre-K",1,1,1,,https://www.sfschool.org/,37.72168,-122.410832,"300 Gavin Sreet, San Francisco",, 43.8k,, 41.4k, 41.4k, 41.4k, 41.4k, 41.4k, 41.4k, 41.4k, 43.8k, 43.8k, 43.8k,,,,
103,Contra Costa,San Ramon Valley Unified,San Ramon Valley Christian Academy,"K-8, pre-K",1,1,1,,https://www.srvca.org/,37.824773,-121.998499,"220 West El Pintado Rd., Danville",parochial, 12.9k,1, 8.0k, 12.6k, 12.6k, 12.6k, 12.6k, 12.6k, 12.6k, 12.9k, 12.9k, 12.9k,,,,
184,Contra Costa,West Contra Costa Unified,St. David School,"K-8, pre-K",1,1,1,,https://www.stdavidschool.org/,37.947384,-122.321758,"871 Sonoma St., Richmond",parochial, 11.0k,1, 11.0k, 9.7k, 9.7k, 9.7k, 9.7k, 9.7k, 9.7k, 9.7k, 9.7k, 9.7k,,,,
121,Contra Costa,West Contra Costa Unified,St. John the Baptist,"K-8, pre-K",1,1,1,,https://www.stjohnec.org/,37.919642,-122.313762,"11156 San Pablo Ave., El Cerrito",parochial, 11.0k,1, 10.7k, 10.7k, 10.7k, 10.7k, 10.7k, 10.7k, 10.7k, 11.0k, 11.0k, 11.0k,,,,
111,Contra Costa,West Contra Costa Unified,St. Joseph School,"K-8, pre-K",1,1,1,,https://www.stjosephpinole.org/,38.002909,-122.291861,"1961 Plum St., Pinole",parochial, 11.3k,1, 10.4k,, 10.8k, 10.8k, 10.8k, 10.8k, 10.8k, 11.3k, 11.3k, 11.3k,,,,
110,Alameda,Fremont Unified,St. Joseph School,"K-8, pre-K",1,1,1,,https://www.stjosephschoolfremont.org/,37.534938,-121.919016,"43222 Mission Blvd., Fremont",parochial, 11.3k,, 11.3k, 10.0k, 10.0k, 10.0k, 10.0k, 10.0k, 10.0k, 10.0k, 10.0k, 10.0k,,,,
48,Alameda,Fremont Unified,Stratford School Fremont Osgood,"K-8, pre-K",1,1,1,,https://www.stratfordschools.com/schools/northern-california/east-bay/fremont-osgood/,37.520967,-121.947322,"43077 Osgood Rd., Fremont",, 30.8k,, 27.2k, 24.0k, 25.8k, 25.8k, 25.8k, 25.8k, 25.8k, 30.8k, 30.8k, 30.8k,,,,
211,San Mateo,Menlo Park City Elementary,St. Raymond School,"K-8, pre-K",,1,1,,https://www.straymond.org/,37.447321,-122.189872,"1211 Arbor Rd., Menlo Park",parochial, 16.7k,1,, 16.4k, 16.5k, 16.5k, 16.5k, 16.5k, 16.5k, 16.7k, 16.7k, 16.7k,,,,
100,Alameda,Dublin Unified,St. Raymond School,"K-8, pre-K",1,1,1,,https://www.straymondschool.org/,37.713955,-121.940326,"11557 Shannon Ave., Dublin",parochial, 16.7k,1, 13.4k, 12.0k, 12.0k, 12.0k, 12.0k, 12.0k, 12.0k, 12.1k, 12.1k, 12.1k,,,,
9,San Mateo,Redwood City Elementary,Synapse School,"K-8, pre-K",1,1,1,,https://www.synapseschool.org/,37.476738,-122.199347,"3375 Edison Way, Menlo Park",, 48.8k,, 40.4k, 40.4k, 42.9k, 42.9k, 42.9k, 42.9k, 48.8k, 48.8k, 48.8k, 48.8k,,,,
146,Contra Costa,Mt. Diablo Unified,"Tabernacle Christian, Inc.","K-8, pre-K",1,1,1,,https://www.tabernacle.school/,37.974823,-121.985097,"4380 Concord Blvd., Concord",parochial, 9.1k,1, 9.0k, 8.0k, 8.7k, 8.7k, 8.7k, 8.7k, 8.7k, 9.1k, 9.1k, 9.1k,,,,
31,Alameda,Berkeley Unified,The Berkeley School,"K-8, pre-K",1,1,1,,https://www.theberkeleyschool.org/unlistedgclid=Cj0KCQiAn-2tBhDVARIsAGmStVmJZkXZOVKftGKVmRGSZ-mN9OX3Ka4mJklfrc4J8h0yvH8Q2ZXobicaAqIyEALw_wcB,37.869342,-122.286228,"1310 University Ave., Berkeley",, 38.2k,, 28.5k, 35.4k, 35.4k, 35.4k, 35.4k, 35.4k, 35.4k, 38.2k, 38.2k, 38.2k,,,,
208,San Mateo,Las Lomitas Elementary,Woodland,"K-8, pre-K",1,1,1,,https://www.woodland-school.org/,37.403092,-122.197368,"360 La Cuesta Dr, Portola Valley",, 44.5k,, 34.5k, 39.1k, 39.1k, 39.1k, 39.1k, 39.1k, 41.3k, 41.3k, 41.3k, 44.5k,,,,
229,San Mateo,San Mateo-Foster City,Ronald C. Wornick Jewish Day School,"K-8, pre-K",1,1,1,,https://www.wornickjds.org/,37.55834,-122.266745,"800 Foster City Blvd., Bldg. 830, Foster City",parochial, 42.0k,, 34.8k, 40.6k, 34.8k, 34.8k, 34.8k, 35.6k, 35.6k, 40.6k, 40.6k, 42.0k,,,,
149,Contra Costa,Mt. Diablo Unified,Ygnacio Valley Christian School,"K-8, pre-K",1,1,1,,https://yvcschool.org/,37.946512,-121.968201,"1092 Alberta Way, Concord",parochial, 9.3k,1, 8.1k, 8.6k, 8.9k, 8.9k, 8.9k, 8.9k, 8.9k, 9.3k, 9.3k, 9.3k,,,,
1,Marin,Larkspur-Corte Madera,Marin Montessori School,"K-9, pre-K",1,1,1,1,https://www.marinmontessori.org/,37.920136,-122.49059,"5200 Paradise Dr., Corte Madera",, 40.0k,, 37.3k, 37.3k, 38.0k, 38.0k, 38.0k, 38.0k, 38.0k, 38.0k, 40.0k, 40.0k, 40.0k,,,
258,San Francisco,San Francisco Unified,Eureka Learning Center,"K, pre-K",1,1,,,https://eurekalearningcenter.com/,37.754967,-122.437004,"464 Diamond St., San Francisco",, 20.8k,, 20.8k,,,,,,,,,,,,,
47,Alameda,Oakland Unified,Growing Light Montessori School,"K, pre-K",1,1,,,https://growinglight.net/,37.809869,-122.200602,"4700 Lincoln Ave., Oakland",, 33.8k,, 33.8k, 33.8k,,,,,,,,,,,,
58,Alameda,Newark Unified,Challenger School - Newark,"K, pre-K",1,1,,,https://www.challengerschool.com/,37.521851,-121.998043,"39600 Cedar Blvd., Newark",, 25.8k,, 25.8k, 25.8k,,,,,,,,,,,,
45,Contra Costa,Lafayette Elementary,Diablo Valley Montessori,"K, pre-K",1,1,,,https://www.dvms.org/,37.896942,-122.108081,"3390 Deer Hill Rd., Lafayette",, 36.9k,, 36.9k, 20.1k,,,,,,,,,,,,
52,Alameda,Fremont Unified,Stratford School Fremont Boulevard,"K, pre-K",1,1,,,https://www.stratfordschools.com/schools/northern-california/east-bay/fremont-boulevard/,37.550699,-121.994193,"38495 Fremont Blvd., Fremont",, 27.2k,, 27.2k, 24.0k,,,,,,,,,,,,
209,San Mateo,Menlo Park City Elementary,Nativity Catholic School,"K-8, pre-K",1,1,1,,https://nativityschool.com/,37.458155,-122.182525,"1250 Laurel St., Menlo Park",parochial, 11.4k,, 11.4k, 11.4k, 11.4k, 11.4k, 11.4k, 11.4k, 11.4k, 11.4k, 11.4k, 11.4k,,,,
235,San Mateo,Sequoia Union High,Menlo School,6-12,,,1,1,https://www.menloschool.org/,37.453589,-122.190854,"50 Valparaiso Ave., Atherton",, 63.5k,,,,,,,,, 63.5k, 63.5k, 63.5k, 63.5k, 63.5k, 63.5k, 63.5k
96,Alameda,Alameda Unified,St. Philip Neri Catholic School,"K-8, pre-K",1,1,1,,https://www.spnalameda.org/,37.757348,-122.233419,"1335 High St., Alameda",parochial, 15.5k,1, 15.5k, 11.0k, 11.0k, 11.0k, 11.0k, 11.0k, 11.0k, 11.1k, 11.1k, 11.1k,,,,